"id","title","kind","stage","writes","safety","source_xml"
"EXT-000","Instance and module discovery","extract","2","false","Read-only metadata collection","x_1577958_dsb_diag_script_02f5556354a44f3fa04a8d334fd847a4.xml"
"EXT-100","Artefact extract","extract","5","false","Read-only metadata collection","x_1577958_dsb_diag_script_de1af3506ac44dde9c19c9dd82469644.xml"
"EXT-101","Resolve evidence sys_ids","extract","5","false","Read-only metadata collection","x_1577958_dsb_diag_script_818408d3b39843dcb2830e21cc868eee.xml"
"EXT-102","Find unresolved citations","extract","5","false","Read-only metadata collection","x_1577958_dsb_diag_script_7232be8617074b85a68dd5d7f324ed0b.xml"
"EXT-103","Targeted top-up","extract","5","false","Read-only metadata collection","x_1577958_dsb_diag_script_94d9e6886f6d4262a7a88ecb412d724a.xml"
"EXT-103b","Field discovery","extract","5","false","Read-only metadata collection","x_1577958_dsb_diag_script_bc356934506b4610880eede0eb5eb665.xml"
"EXT-104","Attachment log fallback","extract","5","false","Read-only metadata collection","x_1577958_dsb_diag_script_e65c6b4662dd4fe0bb44fafef68f8fa1.xml"
"FIX-01","ACL role join audit","fix","8","false","Read-only audit","x_1577958_dsb_diag_script_bc46a77b0fa34ccca6d738607f4156a5.xml"
"FIX-02","Client-callable ACL generator","fix","8","true","PLAN first; APPLY needs instance, change and update-set preflight","x_1577958_dsb_diag_script_d4ee6c4113ac4f929211b7f752668002.xml"
"FIX-03","Web-service access audit","fix","8","true","PLAN first; APPLY needs instance, change and update-set preflight","x_1577958_dsb_diag_script_88d3a600b53941e5b13260b1fd3aa970.xml"
"FIX-04","Audit enablement","fix","11","true","PLAN first; APPLY needs instance, change and update-set preflight","x_1577958_dsb_diag_script_9b0adb5f8b1c452aa9ed699e27f1f814.xml"
"FIX-05","Debug logging sweep","fix","11","false","Read-only audit","x_1577958_dsb_diag_script_bf2263bf11574dc4a8e6958dddcb01ae.xml"
"FIX-06","Scheduled-job service account","fix","9","true","PLAN first; APPLY needs instance, change and update-set preflight","x_1577958_dsb_diag_script_58bd84f44a4c416aa7bf6d6bf85c29c8.xml"
"FIX-07","Workflow version state","fix","9","false","Read-only audit","x_1577958_dsb_diag_script_db977c1191c349b4a08f3a9ee4c23f60.xml"
"FIX-08","Public reports upgrade","fix","8","false","Read-only audit","x_1577958_dsb_diag_script_fdccbb64165d483783f6c1e5a7ce9cba.xml"
"FIX-09","Skipped-record disposition","fix","12","true","PLAN first; APPLY needs instance, change and update-set preflight","x_1577958_dsb_diag_script_5e6a923829044c7fa2681b695c495bee.xml"
"FIX-10","Hardcoded values scan","fix","11","false","Read-only audit","x_1577958_dsb_diag_script_67f45a1142a043969dbe353060807851.xml"
"FIX-11","Business-rule order collisions","fix","9","false","Read-only audit","x_1577958_dsb_diag_script_54816acf1e1d4d03bffb56185e9f1209.xml"
"FIX-12","Access hygiene","fix","8","false","Read-only audit","x_1577958_dsb_diag_script_c89b7db81f06483ab45eabc31ab9f3c5.xml"
"FIX-13","Monthly budget duplicates","fix","7","false","Read-only audit","x_1577958_dsb_diag_script_564404d2bc80444682c9446691fafab6.xml"
"FIX-14","Staging and dark tables","fix","7","false","Read-only audit","x_1577958_dsb_diag_script_af7dd0c8838d41378cd9ce2fff60a4a5.xml"
"FIX-15","Update-set hygiene","fix","11","false","Read-only audit","x_1577958_dsb_diag_script_381b79c2843a4f5fbec46135bcb83540.xml"
"FIX-16","Notification matrix","fix","9","false","Read-only audit","x_1577958_dsb_diag_script_a109a2223e7b474898f39a0fce67c19e.xml"
"FIX-17","Credential property scrub","fix","8","true","PLAN first; APPLY needs instance, change and update-set preflight","x_1577958_dsb_diag_script_2994ad1b72c34b7487af6d193fc9d27c.xml"
"FIX-18","Client-only enforcement","fix","11","false","Read-only audit","x_1577958_dsb_diag_script_881e5feaad874111a1d107a83711196f.xml"
"FIX-19","ACL state snapshot","fix","8","false","Read-only audit","x_1577958_dsb_diag_script_0bcbb6e422084c76a63cf9e46bb7c886.xml"
"FIX-20","Transform-map coalesce","fix","7","false","Read-only audit","x_1577958_dsb_diag_script_1878c1aa158d49ea8f05128e6707a8eb.xml"
"FIX-21","PDF view resolver audit","fix","10","false","Read-only audit","x_1577958_dsb_diag_script_1790e53e3c854b49a9612a04d7b369de.xml"
"FIX-22","SLA calendar audit","fix","9","false","Read-only audit","x_1577958_dsb_diag_script_15ef7f7ad3704a67a4a5d2447d791132.xml"
